<?xml version="1.0" encoding="UTF-8"?><rss version="2.0"
	xmlns:content="http://purl.org/rss/1.0/modules/content/"
	xmlns:wfw="http://wellformedweb.org/CommentAPI/"
	xmlns:dc="http://purl.org/dc/elements/1.1/"
	xmlns:atom="http://www.w3.org/2005/Atom"
	xmlns:sy="http://purl.org/rss/1.0/modules/syndication/"
	xmlns:slash="http://purl.org/rss/1.0/modules/slash/"
	>

<channel>
	<title>Senza categoria &#8211; IGlass</title>
	<atom:link href="./index.html" rel="self" type="application/rss+xml" />
	<link>./../../../index.html</link>
	<description></description>
	<lastBuildDate>Tue, 21 Mar 2023 14:25:09 +0000</lastBuildDate>
	<language>it-IT</language>
	<sy:updatePeriod>
	hourly	</sy:updatePeriod>
	<sy:updateFrequency>
	1	</sy:updateFrequency>
	<generator>https://wordpress.org/?v=6.1.1</generator>
	<item>
		<title>Steam Occhiali da Sole</title>
		<link>./../../../prodotto/steam-occhiali-da-sole/index.html</link>
					<comments>./../../../prodotto/steam-occhiali-da-sole/index.html#respond</comments>
		
		<dc:creator><![CDATA[Jay]]></dc:creator>
		<pubDate>Tue, 21 Mar 2023 14:21:05 +0000</pubDate>
				<guid isPermaLink="false">./../../../index.html?post_type=product#038;p=41</guid>

					<description><![CDATA[Il design di questi occhiali da sole è ispirato alla moda steampunk, che combina elementi del passato con tecnologie futuristiche immaginarie, creando un'atmosfera retrò-futuristica molto interessante.]]></description>
										<content:encoded><![CDATA[<div class="group w-full text-gray-800 dark:text-gray-100 border-b border-black/10 dark:border-gray-900/50 bg-gray-50 dark:bg-[#444654]">
<div class="text-base gap-4 md:gap-6 md:max-w-2xl lg:max-w-2xl xl:max-w-3xl p-4 md:py-6 flex lg:px-0 m-auto">
<div class="relative flex w-[calc(100%-50px)] flex-col gap-1 md:gap-3 lg:w-[calc(100%-115px)]">
<div class="flex flex-grow flex-col gap-3">
<div class="min-h-[20px] flex flex-col items-start gap-4 whitespace-pre-wrap">
<div class="markdown prose w-full break-words dark:prose-invert light">
<p>Il design di questi occhiali da sole è ispirato alla moda steampunk, che combina elementi del passato con tecnologie futuristiche immaginarie, creando un&#8217;atmosfera retrò-futuristica molto interessante.</p>
<p>Le lenti a forma tonda sono realizzate in materiali di alta qualità, come il vetro o la policarbonato, che offrono protezione dai raggi UV dannosi del sole e una visione nitida e chiara. La montatura è realizzata in lega di metallo resistente e leggera, con dettagli in rame o ottone per un effetto vintage.</p>
<p>La forma rotonda delle lenti e la montatura steampunk conferiscono a questi occhiali da sole un aspetto unico e distintivo, che attira l&#8217;attenzione e completa qualsiasi outfit con un tocco di originalità.</p>
<p>Questi occhiali da sole sono adatti per la guida, le attività all&#8217;aperto o semplicemente per il tempo libero, e sono perfetti per chi cerca un accessorio unico e di tendenza per completare il proprio look.</p>
</div>
</div>
</div>
<div class="flex justify-between">
<div class="text-gray-400 flex self-end lg:self-center justify-center mt-2 gap-3 md:gap-4 lg:gap-1 lg:absolute lg:top-0 lg:translate-x-full lg:right-0 lg:mt-0 lg:pl-2 visible"></div>
</div>
</div>
</div>
</div>
]]></content:encoded>
					
					<wfw:commentRss>./../../../prodotto/steam-occhiali-da-sole/feed/index.html</wfw:commentRss>
			<slash:comments>0</slash:comments>
		
		
			</item>
		<item>
		<title>Solid Occhiali da Sole</title>
		<link>./../../../prodotto/solid-occhiali-da-sole/index.html</link>
					<comments>./../../../prodotto/solid-occhiali-da-sole/index.html#respond</comments>
		
		<dc:creator><![CDATA[Jay]]></dc:creator>
		<pubDate>Tue, 21 Mar 2023 14:12:33 +0000</pubDate>
				<guid isPermaLink="false">./../../../index.html?post_type=product#038;p=32</guid>

					<description><![CDATA[Questi occhiali da sole sono il perfetto connubio tra funzionalità e stile moderno. La montatura bombata e la lente più grande conferiscono un look audace e accattivante, garantendo allo stesso tempo una protezione efficace dai raggi UV del sole.]]></description>
										<content:encoded><![CDATA[<p>Questi occhiali da sole sono il perfetto connubio tra funzionalità e stile moderno. La montatura bombata e la lente più grande conferiscono un look audace e accattivante, garantendo allo stesso tempo una protezione efficace dai raggi UV del sole.</p>
<p>La finitura opaca sulla montatura in metallo, insieme alle gambe in gomma colorata, aggiungono una nota di originalità e freschezza al design. Grazie al loro stile contemporaneo, questi occhiali da sole si abbinano perfettamente a qualsiasi outfit, sia casual che elegante.</p>
<p>La lente polarizzata offre una visione chiara e priva di riflessi, garantendo una protezione completa dagli effetti dannosi del sole. Questi occhiali da sole sono la scelta ideale per chi cerca un mix perfetto di stile e funzionalità, adatti a qualsiasi occasione all&#8217;aperto.</p>
]]></content:encoded>
					
					<wfw:commentRss>./../../../prodotto/solid-occhiali-da-sole/feed/index.html</wfw:commentRss>
			<slash:comments>0</slash:comments>
		
		
			</item>
		<item>
		<title>Lux Occhiali da Sole</title>
		<link>./../../../prodotto/lux-occhiali-da-sole/index.html</link>
					<comments>./../../../prodotto/lux-occhiali-da-sole/index.html#respond</comments>
		
		<dc:creator><![CDATA[Jay]]></dc:creator>
		<pubDate>Tue, 21 Mar 2023 13:58:57 +0000</pubDate>
				<guid isPermaLink="false">./../../../index.html?post_type=product#038;p=22</guid>

					<description><![CDATA[Un vero e proprio capolavoro di artigianato, con una montatura elegante e raffinata che incanta chiunque li indossi. La lente sottile e stretta è perfettamente sagomata per adattarsi alla forma del viso e garantire una visione nitida e senza distorsioni.]]></description>
										<content:encoded><![CDATA[<p>Un vero e proprio capolavoro di artigianato, con una montatura elegante e raffinata che incanta chiunque li indossi. La lente sottile e stretta è perfettamente sagomata per adattarsi alla forma del viso e garantire una visione nitida e senza distorsioni. La finitura lucida sulla montatura in metallo, insieme alle gambe di legno scuro e levigato, conferisce un tocco di lusso e raffinatezza.</p>
<p>Ogni dettaglio è stato accuratamente studiato e realizzato con grande cura e attenzione ai dettagli, dal design elegante alle finiture di alta qualità. Questi occhiali sono il perfetto connubio tra l&#8217;eleganza classica e lo stile contemporaneo, adatti a chi desidera distinguersi con gusto e raffinatezza.</p>
]]></content:encoded>
					
					<wfw:commentRss>./../../../prodotto/lux-occhiali-da-sole/feed/index.html</wfw:commentRss>
			<slash:comments>0</slash:comments>
		
		
			</item>
	</channel>
</rss>
